{
  "data_type": "stackshot",
  "type": "stackshot",
  "success": true,
  "timestamp": 1771513935515,
  "process_count": 330,
  "thread_count": 2378,
  "thread_name_map_count": 87,
  "system_libraries": {
    "device_id": "00008130-000C743904298D3A",
    "system_version": "Darwin Kernel Version 25.2.0: Fri Jan  9 18:27:02 PST 2026; root:xnu-12377.62.10~267/RELEASE_ARM64_T8122",
    "build_version": "",
    "shared_cache_uuid": null,
    "library_count": 0,
    "libraries": {},
    "shared_cache_dyld_load_info": {
      "imageLoadAddress": "0x15008000",
      "imageUUID": "4D4CD009-B44A-3D25-B0A6-61A516F3FA33",
      "imageSlidBaseAddress": "0x195008000",
      "sharedCacheSlidFirstMapping": "0x195008000"
    },
    "shared_caches": [
      {
        "cache_id": "1",
        "uuid": "4D4CD009-B44A-3D25-B0A6-61A516F3FA33",
        "slide": "0x15008000",
        "base_address": "0x195008000",
        "first_mapping": "0x195008000",
        "flags": "1 (kSharedCacheSystemPrimary)",
        "raw_info": {
          "sharedCacheSlide": "0x15008000",
          "sharedCacheUUID": "4D4CD009-B44A-3D25-B0A6-61A516F3FA33",
          "sharedCacheUnreliableSlidBaseAd": "0x195008000",
          "sharedCacheSlidFirstMapping": "0x195008000",
          "sharedCacheID": "1",
          "sharedCacheFlags": "1 (kSharedCacheSystemPrimary)"
        }
      },
      {
        "cache_id": "2",
        "uuid": "101940A3-1A17-3070-B11A-25D585B1BC44",
        "slide": "0x71b0000",
        "base_address": "0x1871b0000",
        "first_mapping": "0x1871B0000",
        "flags": "2 (kSharedCacheDriverkitkSharedCacheAOT)",
        "raw_info": {
          "sharedCacheSlide": "0x71b0000",
          "sharedCacheUUID": "101940A3-1A17-3070-B11A-25D585B1BC44",
          "sharedCacheUnreliableSlidBaseAd": "0x1871b0000",
          "sharedCacheSlidFirstMapping": "0x1871B0000",
          "sharedCacheID": "2",
          "sharedCacheFlags": "2 (kSharedCacheDriverkitkSharedCacheAOT)"
        }
      }
    ],
    "shared_caches_count": 2
  },
  "process_libraries": {
    "12928": {
      "process_id": 12928,
      "process_name": "discover",
      "binary_count": 0,
      "binary_images": [],
      "timestamp": 1771513935918,
      "dyld_load_info": [
        {
          "imageLoadAddress": "0x1026C4000",
          "imageUUID": "C9B921E9-A5D0-3835-AF38-BBE103B904F1",
          "raw_info": {
            "imageLoadAddress": "0x1026C4000",
            "imageUUID": "C9B921E9-A5D0-3835-AF38-BBE103B904F1"
          }
        },
        {
          "imageLoadAddress": "0x11A20C000",
          "imageUUID": "ED3CE61E-9386-3EA0-97AB-5406BF5531A9",
          "raw_info": {
            "imageLoadAddress": "0x11A20C000",
            "imageUUID": "ED3CE61E-9386-3EA0-97AB-5406BF5531A9"
          }
        },
        {
          "imageLoadAddress": "0x12AB38000",
          "imageUUID": "57C81ECC-CEE3-3A48-9F32-615BC142A7A3",
          "raw_info": {
            "imageLoadAddress": "0x12AB38000",
            "imageUUID": "57C81ECC-CEE3-3A48-9F32-615BC142A7A3"
          }
        },
        {
          "imageLoadAddress": "0x12A00C000",
          "imageUUID": "CB2E01AB-3254-3651-BE3B-AD4C45E9F46F",
          "raw_info": {
            "imageLoadAddress": "0x12A00C000",
            "imageUUID": "CB2E01AB-3254-3651-BE3B-AD4C45E9F46F"
          }
        },
        {
          "imageLoadAddress": "0x123A84000",
          "imageUUID": "A4BB76F1-AB43-3A0D-B48C-60037D470C99",
          "raw_info": {
            "imageLoadAddress": "0x123A84000",
            "imageUUID": "A4BB76F1-AB43-3A0D-B48C-60037D470C99"
          }
        },
        {
          "imageLoadAddress": "0x12B800000",
          "imageUUID": "8869C8E0-C587-34F6-A617-8574D4E21012",
          "raw_info": {
            "imageLoadAddress": "0x12B800000",
            "imageUUID": "8869C8E0-C587-34F6-A617-8574D4E21012"
          }
        }
      ],
      "dyld_load_info_count": 6,
      "dyld_load_info_text_exec": [],
      "dyld_load_info_text_exec_count": 0
    }
  },
  "thread_name_map": {
    "2610601": "com.apple.main-thread",
    "2610626": "Thread-2610626",
    "2610632": "com.apple.uikit.eventfetch-thread",
    "2610634": "PtahAppStateLooperThread",
    "2610640": "com.apple.CoreMotion.MotionThread",
    "2610641": "REDThreadPool_Type_1_index_0",
    "2610642": "REDThreadPool_Type_1_index_1",
    "2610643": "REDThreadPool_Type_1_index_2",
    "2610644": "REDThreadPool_Type_1_index_3",
    "2610645": "REDThreadPool_Type_1_index_4",
    "2610646": "REDThreadPool_Type_1_index_5",
    "2610647": "REDThreadPool_Type_1_index_6",
    "2610648": "REDThreadPool_Type_1_index_7",
    "2610649": "REDThreadPool_Type_1_index_8",
    "2610650": "REDThreadPool_Type_1_index_9",
    "2610651": "REDThreadPool_Type_1_index_10",
    "2610652": "REDThreadPool_Type_1_index_11",
    "2610656": "com.apple.NSURLConnectionLoader",
    "2610934": "REDNQEThread",
    "2610940": "com.ptah.runloop.monitor",
    "2610947": "KSCrash Exception Handler (Secondary)",
    "2610948": "KSCrash Exception Handler (Primary)",
    "2610954": "Thread-2610954",
    "2610964": "ThreadPoolServiceThread",
    "2610965": "ThreadPoolForegroundWorker",
    "2610966": "ThreadPoolBackgroundWorker",
    "2610967": "NetworkConfigWatcher",
    "2610969": "xy-crn-file thread",
    "2610970": "xy-crn-network-io thread",
    "2610971": "xy-crn-netlog thread",
    "2610980": "xy-crn-nqe thread",
    "2610982": "com.apple.CFNetwork.CustomProtocols",
    "2610983": "ThreadPoolForegroundWorker",
    "2610992": "ThreadPoolForegroundWorker",
    "2610995": "ThreadPoolForegroundWorker",
    "2610996": "ThreadPoolForegroundWorker",
    "2610997": "ThreadPoolForegroundWorker",
    "2610999": "Thread-2610999",
    "2611004": "net_detect",
    "2611005": "default",
    "2611006": "Thread-2611006",
    "2611008": "xylonglink-mars::stn",
    "2611018": "REDHTTPDnsThread",
    "2611019": "REDDownloadNQEThread",
    "2611020": "ApmMessageManager",
    "2611021": "REDThreadPool_Type_0_index_0",
    "2611092": "Log work queue",
    "2611134": "REDThreadPool_Type_5_index_0",
    "2611135": "XYThread0",
    "2611190": "Thread-2611190",
    "2611349": "Thread-2611349",
    "2611351": "Thread-2611351",
    "2611352": "Thread-2611352",
    "2611529": "com.scarlet.jscontext",
    "2624567": "com.facebook.react.JavaScript",
    "2624568": "hades",
    "2661302": "caulk::deferred_logger",
    "2661303": "caulk.messenger.shared:high",
    "2827402": "WebThread",
    "2846013": "REDThreadPool_Type_3_index_0",
    "2979555": "xylonglink-mars::stn::lonklink",
    "2998112": "Thread-2998112",
    "3000355": "Thread-3000355",
    "3001109": "Thread-3001109",
    "3001333": "Thread-3001333",
    "3001480": "Thread-3001480",
    "3001983": "Thread-3001983",
    "3003031": "Thread-3003031",
    "3003032": "Thread-3003032",
    "3003035": "Thread-3003035",
    "3003036": "Thread-3003036",
    "3003038": "Thread-3003038",
    "3003040": "Thread-3003040",
    "3003041": "Thread-3003041",
    "3003046": "AudioSession - RootQueue",
    "3003047": "JavaScriptCore libpas scavenger",
    "3003048": "Thread-3003048",
    "3003097": "Thread-3003097",
    "3003098": "Thread-3003098",
    "3003099": "Thread-3003099",
    "3003100": "Thread-3003100",
    "3003101": "Thread-3003101",
    "3003104": "Thread-3003104",
    "3003105": "Thread-3003105",
    "3003106": "Thread-3003106",
    "3003107": "Thread-3003107",
    "3003108": "Thread-3003108"
  }
}