{
  "tunneld_port": 49152,
  "devices": [
    {
      "udid": "00008130-000C743904298D3A",
      "device_name": "iPhone 15 Pro",
      "product_version": "26.2.1",
      "product_type": "iPhone16,1",
      "build_version": "23C71",
      "tunnel_host": "fdc1:217b:4369::1",
      "tunnel_port": 60878,
      "tunnel_type": "lockdown",
      "connection_mode": "tunnel",
      "userspaceTun": true,
      "userspaceTunPort": null,
      "created_at": 1761648039,
      "last_heartbeat": 1771509257,
      "is_active": true,
      "error_count": 0,
      "last_error": null
    },
    {
      "udid": "dba1f270e4ba28d3c178ffb1c76431c5fbb4afe7",
      "device_name": "zz\u2019s Max",
      "product_version": "15.8.4",
      "product_type": "iPhone8,1",
      "build_version": "19H390",
      "tunnel_host": "direct",
      "tunnel_port": "udid",
      "tunnel_type": "direct",
      "connection_mode": "udid_direct",
      "userspaceTun": false,
      "userspaceTunPort": null,
      "created_at": 1763379379,
      "last_heartbeat": 1763727728,
      "is_active": false,
      "error_count": 1,
      "last_error": "Disconnected"
    },
    {
      "udid": "00008120-000C143911B8C01E",
      "device_name": "LRain\u2019s iPhone",
      "product_version": "18.6.2",
      "product_type": "iPhone15,3",
      "build_version": "22G100",
      "tunnel_host": "fdd6:aa27:4633::1",
      "tunnel_port": 55028,
      "tunnel_type": "lockdown",
      "connection_mode": "tunnel",
      "userspaceTun": true,
      "userspaceTunPort": null,
      "created_at": 1763540090,
      "last_heartbeat": 1763540236,
      "is_active": false,
      "error_count": 2,
      "last_error": "Tunnel disconnected"
    },
    {
      "udid": "00008150-00063CC63EC2401C",
      "created_at": 1765193153,
      "device_name": "iPhone17",
      "product_version": "26.1",
      "product_type": "iPhone18,3",
      "build_version": "23B85",
      "is_active": false,
      "tunnel_host": "fdd4:de8d:12b8::1",
      "tunnel_port": 54127,
      "tunnel_type": "lockdown",
      "connection_mode": "tunnel",
      "userspaceTun": true,
      "error_count": 1,
      "last_error": "Disconnected",
      "last_heartbeat": 1765193999
    },
    {
      "udid": "00008150-001A592E02F0401C",
      "created_at": 1765194015,
      "device_name": "iPhone17pro Max",
      "product_version": "26.2",
      "product_type": "iPhone18,2",
      "build_version": "23C5044b",
      "is_active": false,
      "tunnel_host": "fd99:3588:c9b5::1",
      "tunnel_port": 61931,
      "tunnel_type": "lockdown",
      "connection_mode": "tunnel",
      "userspaceTun": true,
      "error_count": 1,
      "last_error": "Disconnected",
      "last_heartbeat": 1765194601
    },
    {
      "udid": "00008020-001A694A0CC1002E",
      "created_at": 1765194644,
      "device_name": "iPhone Xs Max",
      "product_version": "15.6.1",
      "product_type": "iPhone11,6",
      "build_version": "19G82",
      "tunnel_host": "direct",
      "tunnel_port": "udid",
      "tunnel_type": "direct",
      "connection_mode": "udid_direct",
      "userspaceTun": false,
      "is_active": false,
      "error_count": 0,
      "last_error": "Disconnected",
      "last_heartbeat": 1765285454
    }
  ],
  "version": "1.0",
  "created_at": 1761647999,
  "updated_at": 1771509257,
  "sudo_password": "xx163"
}